,True,Predicted
0,positive,negative
1,negative,negative
2,negative,negative
3,positive,positive
4,negative,negative
5,positive,negative
6,negative,negative
7,positive,positive
8,positive,positive
9,negative,negative
10,negative,positive
11,negative,negative
12,positive,negative
13,negative,negative
14,negative,positive
15,negative,negative
16,positive,positive
17,negative,negative
18,positive,negative
19,negative,negative
20,negative,negative
21,positive,negative
22,negative,negative
23,negative,negative
24,positive,negative
25,positive,positive
26,positive,positive
27,negative,negative
28,positive,positive
29,positive,negative
30,positive,positive
31,negative,negative
32,negative,negative
33,negative,negative
34,positive,negative
35,negative,negative
36,negative,negative
37,negative,positive
38,positive,negative
39,positive,negative
40,negative,negative
41,positive,positive
42,positive,negative
43,negative,negative
44,positive,positive
45,positive,negative
46,negative,negative
47,negative,negative
48,positive,negative
49,positive,positive
50,positive,positive
51,negative,positive
52,positive,positive
53,negative,positive
54,negative,negative
55,negative,positive
56,negative,positive
57,negative,negative
58,negative,negative
59,positive,negative
60,positive,positive
61,negative,negative
62,negative,negative
63,positive,positive
64,positive,negative
65,negative,negative
66,negative,negative
67,negative,negative
68,positive,positive
69,negative,positive
70,negative,negative
71,negative,negative
72,negative,positive
73,negative,negative
74,positive,positive
75,positive,positive
76,negative,negative
77,positive,negative
78,positive,negative
79,negative,positive
80,positive,positive
81,negative,negative
82,negative,positive
83,negative,positive
84,negative,negative
85,negative,negative
86,positive,positive
87,positive,negative
88,positive,negative
89,positive,positive
90,negative,negative
91,negative,negative
92,negative,negative
93,positive,positive
94,negative,positive
95,positive,negative
96,positive,negative
97,positive,positive
98,negative,positive
99,negative,negative
100,positive,negative
101,positive,positive
102,positive,negative
103,positive,negative
104,positive,positive
105,positive,negative
106,positive,positive
107,positive,negative
108,positive,negative
109,positive,negative
110,positive,positive
111,positive,positive
112,positive,positive
113,positive,positive
114,negative,negative
115,negative,negative
116,negative,positive
117,negative,negative
118,negative,negative
119,negative,positive
120,negative,negative
121,negative,negative
122,negative,negative
123,negative,negative
124,negative,negative
125,negative,negative
126,positive,negative
127,negative,negative
128,positive,positive
129,positive,negative
130,positive,positive
131,positive,negative
132,positive,positive
133,positive,negative
134,negative,negative
135,positive,negative
136,negative,negative
137,negative,negative
138,negative,negative
139,negative,negative
140,positive,negative
141,negative,negative
142,negative,negative
143,negative,negative
144,positive,negative
145,positive,positive
146,positive,positive
147,negative,negative
148,negative,negative
149,negative,negative
150,positive,positive
151,negative,negative
152,positive,negative
153,negative,negative
154,negative,negative
155,positive,positive
156,negative,negative
157,positive,negative
158,positive,negative
159,negative,negative
160,positive,positive
161,negative,negative
162,negative,negative
163,positive,negative
164,negative,negative
165,positive,negative
166,positive,positive
167,negative,negative
168,negative,negative
169,negative,negative
170,negative,negative
171,positive,negative
172,positive,positive
173,negative,negative
174,negative,negative
175,positive,negative
176,positive,negative
177,negative,negative
178,negative,negative
179,negative,positive
180,positive,negative
181,negative,positive
182,negative,negative
183,positive,negative
184,negative,positive
185,negative,positive
186,negative,positive
187,negative,positive
188,positive,negative
189,negative,negative
190,negative,negative
191,negative,negative
192,negative,positive
193,negative,negative
194,negative,negative
195,positive,negative
196,negative,negative
197,negative,positive
198,positive,negative
199,negative,negative
200,positive,negative
201,negative,negative
202,negative,negative
203,positive,negative
204,positive,negative
205,positive,negative
206,negative,positive
207,negative,positive
208,negative,negative
209,positive,negative
210,negative,positive
211,negative,negative
212,positive,negative
213,negative,negative
214,negative,positive
215,negative,positive
216,negative,negative
217,negative,positive
218,positive,negative
219,positive,negative
220,positive,negative
221,negative,positive
222,negative,positive
223,positive,negative
224,positive,negative
225,negative,positive
226,negative,positive
227,negative,negative
228,positive,negative
229,positive,negative
230,negative,positive
231,negative,negative
232,positive,negative
233,positive,positive
234,positive,negative
235,positive,negative
236,negative,negative
237,positive,negative
238,negative,negative
239,positive,positive
240,negative,positive
241,negative,positive
242,negative,positive
243,negative,negative
244,negative,positive
245,negative,negative
246,negative,positive
247,negative,negative
248,negative,positive
249,negative,negative
250,negative,negative
251,negative,negative
252,negative,negative
253,negative,positive
254,negative,negative
255,negative,negative
256,negative,negative
257,negative,positive
258,negative,negative
259,negative,negative
260,negative,positive
261,negative,negative
262,negative,negative
263,negative,positive
264,negative,positive
265,negative,negative
266,negative,negative
267,negative,negative
268,negative,negative
269,negative,negative
270,negative,negative
271,negative,negative
272,negative,negative
273,negative,negative
274,negative,negative
275,negative,negative
276,negative,negative
277,negative,negative
278,negative,negative
279,negative,negative
280,negative,negative
281,negative,negative
282,negative,negative
283,negative,negative
284,negative,negative
285,negative,negative
286,negative,negative
287,negative,negative
288,negative,negative
289,negative,negative
290,negative,negative
291,positive,positive
292,negative,negative
293,positive,negative
294,negative,negative
295,positive,negative
296,positive,positive
297,positive,positive
298,negative,negative
299,positive,negative
300,positive,positive
301,negative,negative
302,positive,positive
303,negative,negative
304,positive,negative
305,positive,positive
306,positive,positive
307,positive,negative
308,negative,negative
309,positive,negative
310,negative,negative
311,positive,positive
312,positive,positive
313,positive,negative
314,negative,negative
315,positive,negative
316,negative,negative
317,negative,negative
318,negative,negative
319,negative,negative
320,positive,negative
321,positive,negative
322,negative,negative
323,positive,negative
324,positive,negative
325,negative,negative
326,negative,negative
327,negative,negative
328,negative,negative
329,negative,negative
330,negative,negative
331,positive,positive
332,negative,negative
333,positive,negative
334,positive,negative
335,negative,negative
336,negative,negative
337,negative,negative
338,negative,negative
339,negative,negative
340,positive,negative
341,negative,positive
342,negative,positive
343,negative,negative
344,negative,negative
345,negative,negative
346,negative,negative
347,positive,positive
348,negative,negative
349,positive,negative
350,positive,negative
351,negative,positive
352,positive,negative
353,negative,negative
354,negative,positive
355,positive,negative
356,negative,negative
357,positive,positive
358,negative,negative
359,negative,negative
360,positive,negative
361,negative,negative
362,positive,negative
363,negative,positive
364,positive,negative
365,negative,negative
366,negative,positive
367,positive,negative
368,positive,negative
369,positive,positive
370,negative,positive
371,positive,negative
372,negative,positive
373,positive,negative
374,positive,negative
375,positive,negative
376,positive,positive
377,positive,negative
378,positive,positive
379,negative,negative
380,negative,negative
381,positive,negative
382,positive,negative
383,positive,negative
384,negative,negative
385,negative,negative
386,negative,negative
387,negative,negative
388,negative,negative
389,negative,negative
390,negative,negative
391,negative,negative
392,negative,negative
393,negative,negative
394,negative,negative
395,negative,negative
396,negative,negative
397,negative,negative
398,negative,negative
399,negative,negative
400,negative,negative
401,negative,negative
402,negative,negative
403,negative,negative
404,positive,positive
405,positive,positive
406,positive,positive
407,positive,positive
408,positive,positive
409,positive,positive
410,positive,positive
411,positive,positive
412,positive,positive
413,positive,positive
414,positive,positive
415,positive,positive
416,positive,positive
417,positive,positive
418,positive,positive
419,positive,positive
420,positive,positive
421,positive,positive
422,positive,positive
423,positive,positive
424,positive,negative
425,positive,negative
426,positive,positive
427,negative,negative
428,positive,positive
429,positive,positive
430,positive,negative
431,negative,negative
432,positive,negative
433,positive,positive
434,positive,negative
435,positive,negative
436,positive,negative
437,negative,negative
438,positive,negative
439,positive,negative
440,positive,negative
441,negative,negative
442,negative,negative
443,positive,positive
444,negative,negative
445,negative,negative
446,positive,negative
447,negative,negative
448,negative,negative
449,positive,negative
450,negative,negative
451,positive,positive
452,positive,positive
453,positive,positive
454,negative,negative
455,positive,negative
456,positive,positive
457,positive,positive
458,positive,positive
459,positive,positive
460,positive,positive
461,positive,negative
462,positive,negative
463,positive,negative
464,positive,negative
465,positive,positive
466,negative,negative
467,positive,positive
468,negative,positive
469,positive,positive
470,positive,negative
471,positive,positive
472,negative,negative
473,negative,negative
474,positive,negative
475,positive,negative
476,negative,negative
477,positive,negative
478,positive,positive
479,positive,positive
480,negative,negative
481,negative,negative
482,positive,positive
483,positive,negative
484,positive,positive
485,positive,positive
486,positive,negative
487,positive,negative
488,positive,negative
489,negative,negative
490,positive,positive
491,positive,positive
492,positive,positive
493,positive,negative
494,positive,positive
495,positive,positive
496,positive,negative
497,positive,positive
498,negative,negative
499,positive,positive
500,negative,negative
501,positive,negative
502,positive,negative
503,negative,negative
504,positive,negative
505,positive,negative
506,positive,negative
507,positive,negative
508,negative,negative
509,positive,positive
510,positive,negative
511,positive,negative
512,negative,negative
513,positive,positive
514,positive,positive
515,positive,positive
516,negative,negative
517,positive,positive
518,negative,positive
519,negative,negative
520,positive,negative
521,positive,positive
522,positive,positive
523,negative,negative
524,negative,negative
525,negative,negative
526,positive,positive
527,negative,negative
528,negative,negative
529,negative,negative
530,negative,negative
531,negative,negative
532,positive,negative
533,negative,positive
534,negative,negative
535,negative,positive
536,positive,positive
537,positive,positive
538,positive,positive
539,positive,positive
540,positive,negative
541,negative,negative
542,negative,positive
543,negative,negative
544,positive,positive
545,negative,negative
546,negative,negative
547,positive,negative
548,positive,positive
549,positive,negative
550,positive,positive
551,negative,negative
552,positive,negative
553,negative,negative
554,positive,negative
555,positive,negative
556,negative,negative
557,negative,negative
558,negative,negative
559,positive,negative
560,negative,negative
561,positive,negative
562,positive,positive
563,positive,negative
564,negative,negative
565,positive,negative
566,positive,negative
567,negative,negative
568,negative,negative
569,negative,negative
570,positive,positive
571,positive,negative
572,positive,negative
573,negative,negative
574,positive,negative
575,negative,negative
576,negative,negative
577,positive,negative
578,negative,negative
579,positive,negative
580,positive,negative
581,positive,positive
582,positive,negative
583,positive,negative
584,negative,negative
585,positive,negative
586,positive,negative
587,negative,negative
588,positive,negative
589,negative,negative
590,positive,positive
591,negative,negative
592,negative,negative
593,positive,positive
594,negative,negative
595,positive,positive
596,positive,positive
597,negative,negative
598,positive,positive
599,negative,negative
600,positive,positive
601,positive,positive
602,negative,negative
603,positive,negative
604,negative,positive
605,negative,negative
606,negative,negative
607,positive,positive
608,positive,positive
609,negative,negative
610,positive,negative
611,positive,negative
612,negative,negative
613,positive,positive
614,negative,negative
615,positive,negative
616,negative,negative
617,negative,negative
618,negative,negative
619,negative,negative
620,positive,negative
621,negative,positive
622,positive,negative
623,negative,negative
624,negative,negative
625,negative,positive
626,negative,negative
627,positive,negative
628,positive,positive
629,negative,positive
630,positive,negative
631,positive,negative
632,positive,negative
633,positive,positive
634,negative,positive
635,negative,negative
636,negative,negative
637,positive,negative
638,positive,negative
639,negative,negative
640,positive,negative
641,negative,negative
642,negative,negative
643,negative,positive
644,negative,negative
645,negative,positive
646,negative,negative
647,negative,negative
648,negative,positive
649,negative,positive
650,positive,negative
651,positive,negative
652,negative,positive
653,positive,positive
654,negative,positive
655,negative,positive
656,positive,negative
657,negative,negative
658,negative,positive
659,negative,positive
660,positive,negative
661,negative,positive
662,positive,positive
663,negative,positive
664,negative,positive
665,negative,positive
666,negative,negative
667,negative,positive
668,positive,negative
669,negative,positive
670,positive,positive
671,negative,positive
672,negative,negative
673,negative,positive
674,positive,negative
675,negative,positive
676,negative,negative
677,negative,positive
678,negative,negative
679,negative,negative
680,negative,negative
681,positive,negative
682,negative,positive
683,positive,negative
684,positive,negative
685,negative,negative
686,negative,positive
687,positive,negative
688,negative,negative
689,positive,negative
690,negative,negative
691,negative,positive
692,negative,negative
693,negative,positive
694,negative,positive
695,negative,positive
696,negative,positive
697,negative,negative
698,negative,negative
699,negative,negative
700,negative,negative
701,negative,negative
702,negative,negative
703,negative,negative
704,negative,negative
705,negative,negative
706,negative,negative
707,negative,negative
708,negative,positive
709,negative,positive
710,negative,positive
711,negative,positive
712,negative,negative
713,negative,negative
714,negative,negative
715,negative,negative
716,negative,negative
717,negative,negative
718,negative,negative
719,negative,negative
720,negative,negative
721,negative,negative
722,positive,positive
723,positive,positive
724,positive,positive
725,positive,positive
726,positive,negative
727,positive,negative
728,positive,positive
729,positive,negative
730,positive,negative
731,positive,positive
732,positive,positive
733,positive,positive
734,positive,positive
735,positive,negative
736,positive,negative
737,positive,positive
738,positive,negative
739,positive,negative
740,positive,positive
741,positive,positive
742,positive,positive
743,positive,positive
744,positive,positive
745,positive,positive
746,positive,positive
747,positive,positive
748,positive,positive
749,negative,positive
750,negative,negative
751,negative,negative
752,negative,positive
753,negative,negative
754,negative,negative
755,negative,positive
756,negative,negative
757,negative,negative
758,negative,positive
759,negative,negative
760,negative,negative
761,negative,positive
762,negative,negative
763,negative,negative
764,negative,positive
765,negative,negative
766,negative,negative
767,negative,positive
768,negative,positive
769,negative,positive
770,negative,positive
771,negative,positive
772,negative,positive
773,negative,positive
774,negative,positive
775,negative,positive
776,positive,negative
777,negative,positive
778,negative,negative
779,positive,negative
780,negative,negative
781,negative,negative
782,positive,negative
783,positive,negative
784,positive,negative
785,positive,negative
786,negative,negative
787,negative,negative
788,positive,negative
789,positive,negative
790,positive,negative
791,positive,negative
792,positive,negative
793,positive,negative
794,positive,negative
795,positive,negative
796,positive,negative
797,positive,negative
798,negative,negative
799,positive,negative
800,positive,negative
801,negative,positive
802,negative,negative
803,negative,positive
804,positive,negative
805,negative,positive
806,negative,positive
807,negative,positive
808,negative,positive
809,negative,negative
810,negative,positive
811,negative,positive
812,positive,negative
813,negative,negative
814,negative,positive
815,positive,negative
816,negative,positive
817,positive,negative
818,positive,negative
819,positive,negative
820,positive,negative
821,positive,positive
822,positive,negative
823,positive,negative
824,negative,positive
825,positive,negative
826,positive,negative
827,positive,negative
828,positive,negative
829,positive,negative
830,positive,negative
831,positive,positive
832,positive,negative
833,positive,negative
834,negative,positive
835,positive,negative
836,negative,positive
837,negative,negative
838,negative,negative
839,positive,negative
840,positive,negative
841,positive,negative
842,positive,negative
843,positive,negative
844,negative,positive
845,positive,negative
846,positive,negative
847,positive,negative
848,positive,negative
849,positive,negative
850,negative,negative
851,positive,negative
852,positive,negative
853,negative,negative
854,negative,negative
855,negative,negative
856,negative,positive
857,negative,negative
858,negative,positive
859,positive,negative
860,positive,negative
861,positive,negative
862,positive,negative
863,negative,negative
864,negative,positive
865,positive,negative
866,positive,negative
867,positive,negative
868,positive,negative
869,positive,negative
870,negative,negative
871,positive,negative
872,positive,negative
873,positive,negative
874,positive,negative
875,positive,negative
876,positive,negative
877,negative,negative
878,negative,negative
879,negative,negative
880,negative,positive
881,negative,positive
882,positive,negative
883,positive,negative
884,positive,negative
885,positive,negative
886,positive,negative
887,negative,negative
888,negative,negative
889,positive,negative
890,negative,negative
891,positive,negative
892,positive,negative
893,negative,negative
894,positive,positive
895,positive,negative
896,negative,negative
897,negative,negative
898,negative,negative
899,positive,negative
900,negative,negative
901,negative,positive
902,positive,negative
903,negative,positive
904,negative,positive
905,negative,negative
906,negative,negative
907,negative,negative
908,negative,negative
909,negative,positive
910,negative,negative
911,positive,negative
912,positive,negative
913,negative,negative
914,negative,negative
915,negative,negative
916,negative,positive
917,positive,negative
918,negative,positive
919,positive,negative
920,negative,negative
921,negative,negative
922,negative,positive
923,positive,negative
924,negative,positive
925,negative,positive
926,negative,negative
927,negative,positive
928,negative,negative
929,negative,positive
930,negative,negative
931,negative,negative
932,positive,negative
933,negative,negative
934,negative,positive
935,positive,negative
936,positive,negative
937,positive,negative
938,positive,negative
939,negative,positive
940,positive,negative
941,negative,negative
942,positive,negative
943,positive,negative
944,positive,negative
945,negative,negative
946,negative,negative
947,positive,negative
948,positive,negative
949,negative,negative
950,positive,negative
951,positive,negative
952,positive,negative
953,negative,negative
954,positive,negative
955,negative,negative
956,positive,negative
957,positive,negative
958,negative,negative
959,positive,negative
960,negative,negative
961,negative,negative
962,negative,negative
963,negative,positive
964,negative,negative
965,negative,negative
966,positive,negative
967,negative,negative
968,negative,negative
969,positive,negative
970,positive,negative
971,positive,negative
972,negative,negative
973,negative,negative
974,positive,negative
975,positive,negative
976,negative,negative
977,positive,negative
978,negative,negative
979,negative,negative
980,positive,negative
981,positive,negative
982,positive,negative
983,positive,negative
984,positive,negative
985,positive,negative
986,positive,negative
987,positive,negative
988,positive,negative
989,positive,negative
990,positive,negative
991,positive,negative
992,positive,negative
993,positive,negative
994,negative,negative
995,negative,positive
996,positive,negative
997,positive,negative
998,positive,negative
999,positive,negative
1000,negative,positive
1001,negative,negative
1002,positive,negative
1003,positive,negative
1004,negative,positive
1005,negative,negative
1006,positive,negative
1007,negative,negative
1008,positive,negative
1009,negative,negative
1010,positive,negative
1011,positive,negative
1012,positive,negative
1013,negative,negative
1014,negative,positive
1015,positive,negative
1016,positive,negative
1017,negative,positive
1018,negative,negative
1019,positive,negative
1020,positive,negative
1021,negative,negative
1022,positive,negative
1023,negative,negative
1024,negative,negative
1025,negative,negative
1026,negative,negative
1027,negative,negative
1028,positive,negative
1029,positive,negative
1030,negative,negative
1031,negative,negative
1032,negative,positive
1033,positive,negative
1034,negative,positive
1035,positive,negative
1036,positive,negative
1037,negative,negative
1038,negative,negative
1039,negative,positive
1040,negative,positive
1041,positive,negative
1042,positive,negative
1043,positive,negative
1044,negative,negative
1045,positive,negative
1046,positive,negative
1047,positive,negative
1048,positive,negative
1049,positive,negative
1050,negative,negative
1051,positive,negative
1052,positive,negative
1053,positive,negative
1054,positive,negative
1055,positive,negative
1056,positive,negative
1057,positive,negative
1058,positive,negative
1059,positive,negative
1060,positive,negative
1061,positive,negative
1062,positive,negative
1063,negative,negative
1064,positive,negative
1065,negative,negative
1066,negative,negative
1067,positive,negative
1068,negative,negative
1069,negative,positive
1070,positive,negative
1071,positive,negative
1072,negative,negative
1073,negative,negative
1074,positive,negative
1075,positive,negative
1076,negative,negative
1077,positive,positive
1078,positive,negative
1079,positive,negative
1080,positive,positive
1081,positive,negative
1082,positive,positive
1083,positive,positive
1084,positive,negative
1085,positive,positive
1086,positive,negative
1087,negative,negative
1088,negative,negative
1089,positive,positive
1090,negative,negative
1091,negative,negative
1092,positive,negative
1093,negative,negative
1094,positive,positive
1095,positive,positive
1096,positive,positive
1097,negative,negative
1098,negative,negative
1099,negative,negative
1100,positive,positive
1101,negative,negative
1102,positive,positive
1103,positive,positive
1104,negative,negative
1105,positive,positive
1106,positive,negative
1107,negative,negative
1108,positive,positive
1109,positive,positive
1110,positive,positive
1111,positive,positive
1112,positive,negative
1113,positive,positive
1114,positive,positive
1115,negative,negative
1116,positive,positive
1117,positive,positive
1118,positive,positive
1119,positive,positive
1120,negative,negative
1121,positive,positive
1122,positive,positive
1123,positive,positive
1124,negative,negative
1125,positive,negative
1126,positive,positive
1127,negative,negative
1128,positive,positive
1129,positive,positive
1130,positive,positive
1131,positive,positive
1132,positive,positive
1133,positive,positive
1134,negative,negative
1135,positive,positive
1136,positive,positive
1137,negative,negative
1138,positive,positive
1139,positive,positive
1140,negative,negative
1141,positive,negative
1142,positive,positive
1143,positive,positive
1144,negative,negative
1145,negative,negative
1146,positive,positive
1147,positive,positive
1148,negative,negative
1149,positive,positive
1150,negative,negative
1151,negative,negative
1152,negative,negative
1153,positive,positive
1154,positive,positive
1155,positive,positive
1156,positive,negative
1157,positive,positive
1158,positive,positive
1159,positive,positive
1160,positive,positive
1161,positive,positive
1162,negative,negative
1163,positive,negative
1164,positive,negative
1165,positive,negative
1166,negative,negative
1167,positive,positive
1168,negative,negative
1169,positive,negative
1170,positive,positive
1171,negative,negative
1172,positive,positive
1173,positive,positive
1174,positive,positive
1175,positive,negative
1176,negative,negative
1177,positive,negative
1178,positive,negative
1179,negative,negative
1180,positive,negative
1181,positive,negative
1182,positive,positive
1183,positive,negative
1184,positive,negative
1185,positive,negative
1186,positive,negative
1187,positive,positive
1188,positive,positive
1189,positive,negative
1190,positive,positive
1191,positive,negative
1192,positive,negative
1193,negative,negative
1194,negative,negative
1195,positive,negative
1196,negative,negative
1197,positive,negative
1198,positive,positive
1199,negative,negative
1200,negative,negative
1201,negative,negative
1202,negative,negative
1203,negative,negative
1204,negative,negative
1205,positive,negative
1206,positive,negative
1207,negative,negative
1208,positive,negative
1209,positive,positive
1210,positive,positive
1211,negative,negative
1212,negative,negative
1213,negative,negative
1214,positive,positive
1215,positive,negative
1216,positive,positive
1217,positive,negative
1218,positive,negative
1219,positive,positive
1220,positive,positive
1221,positive,positive
1222,positive,positive
1223,positive,positive
1224,positive,positive
1225,positive,positive
1226,positive,positive
1227,positive,positive
1228,negative,negative
1229,positive,positive
1230,positive,positive
1231,negative,negative
1232,negative,negative
1233,negative,negative
1234,negative,negative
1235,positive,positive
1236,positive,negative
1237,negative,negative
1238,positive,negative
1239,positive,negative
1240,negative,negative
1241,positive,negative
1242,positive,negative
1243,positive,positive
1244,negative,positive
1245,negative,negative
1246,negative,positive
1247,positive,negative
1248,positive,negative
1249,positive,negative
1250,negative,negative
1251,positive,negative
1252,positive,positive
1253,negative,negative
1254,positive,negative
1255,positive,negative
1256,positive,negative
1257,positive,negative
1258,positive,negative
1259,positive,negative
1260,positive,positive
1261,negative,negative
1262,positive,negative
1263,positive,negative
1264,negative,negative
1265,negative,negative
1266,positive,negative
1267,positive,positive
1268,positive,positive
1269,positive,negative
1270,positive,positive
1271,negative,negative
1272,positive,positive
1273,positive,positive
1274,positive,negative
1275,positive,positive
1276,positive,positive
1277,positive,positive
1278,positive,negative
1279,positive,positive
1280,positive,negative
1281,positive,negative
1282,negative,negative
1283,positive,positive
1284,positive,negative
1285,positive,positive
1286,positive,negative
1287,positive,negative
1288,positive,positive
1289,positive,positive
1290,positive,negative
1291,negative,negative
1292,negative,negative
1293,negative,negative
1294,positive,negative
1295,positive,positive
1296,positive,negative
1297,negative,negative
1298,positive,positive
1299,positive,negative
1300,positive,negative
1301,positive,positive
1302,positive,negative
1303,positive,negative
1304,positive,positive
1305,negative,negative
1306,positive,positive
1307,positive,positive
1308,positive,negative
1309,positive,positive
1310,positive,negative
1311,negative,negative
1312,positive,negative
1313,positive,negative
1314,negative,negative
1315,positive,negative
1316,negative,negative
1317,negative,negative
1318,negative,negative
1319,positive,negative
1320,positive,negative
1321,positive,positive
1322,positive,negative
1323,positive,negative
1324,positive,positive
1325,positive,negative
1326,positive,negative
1327,negative,negative
1328,positive,negative
1329,positive,negative
1330,positive,negative
1331,negative,negative
1332,negative,negative
1333,negative,negative
1334,positive,negative
1335,positive,negative
1336,negative,negative
1337,positive,negative
1338,negative,negative
1339,positive,negative
1340,negative,negative
1341,negative,negative
1342,negative,negative
1343,negative,negative
1344,negative,negative
1345,negative,negative
1346,negative,negative
1347,negative,negative
1348,negative,negative
1349,negative,negative
1350,negative,negative
1351,negative,negative
1352,positive,positive
1353,negative,negative
1354,negative,negative
1355,negative,negative
1356,positive,negative
1357,positive,positive
1358,positive,positive
1359,positive,negative
1360,negative,negative
1361,positive,positive
1362,positive,negative
1363,negative,negative
1364,negative,negative
1365,positive,negative
1366,negative,negative
1367,positive,negative
1368,negative,negative
1369,negative,negative
1370,positive,negative
1371,negative,negative
1372,negative,negative
1373,negative,negative
1374,positive,positive
1375,positive,positive
1376,positive,negative
1377,positive,negative
1378,positive,negative
1379,positive,negative
1380,positive,negative
1381,positive,positive
1382,positive,negative
1383,positive,negative
1384,negative,negative
1385,positive,negative
1386,positive,negative
1387,positive,negative
1388,positive,negative
1389,positive,negative
1390,negative,negative
1391,negative,negative
1392,negative,negative
1393,negative,negative
1394,positive,negative
1395,positive,negative
1396,negative,negative
1397,negative,negative
1398,positive,negative
1399,negative,negative
1400,positive,negative
1401,positive,negative
1402,negative,negative
1403,negative,negative
1404,negative,negative
1405,negative,negative
1406,positive,negative
1407,negative,negative
1408,negative,negative
1409,negative,positive
1410,negative,negative
1411,negative,negative
1412,negative,negative
1413,negative,negative
1414,negative,negative
1415,negative,negative
1416,positive,positive
1417,negative,positive
1418,negative,negative
1419,positive,positive
1420,negative,negative
1421,negative,negative
1422,negative,negative
1423,positive,negative
1424,positive,positive
1425,positive,positive
1426,positive,positive
1427,positive,negative
1428,negative,negative
1429,positive,negative
1430,negative,negative
1431,negative,negative
1432,negative,negative
1433,positive,positive
1434,positive,negative
1435,negative,negative
1436,negative,negative
1437,negative,negative
1438,positive,negative
1439,negative,negative
1440,positive,positive
1441,positive,negative
1442,negative,negative
1443,positive,negative
1444,negative,negative
1445,negative,negative
1446,negative,negative
1447,negative,negative
1448,positive,negative
1449,negative,negative
1450,negative,negative
1451,negative,negative
1452,negative,negative
1453,positive,negative
1454,positive,positive
1455,positive,positive
1456,positive,negative
1457,positive,positive
1458,positive,positive
1459,positive,positive
1460,negative,negative
1461,negative,negative
1462,positive,negative
1463,positive,positive
1464,negative,negative
1465,negative,negative
1466,positive,positive
1467,positive,negative
1468,negative,negative
1469,negative,negative
1470,negative,negative
1471,positive,positive
1472,negative,negative
1473,positive,negative
1474,positive,positive
1475,positive,positive
1476,positive,negative
1477,positive,positive
1478,negative,negative
1479,positive,negative
1480,positive,negative
1481,negative,negative
1482,positive,positive
1483,negative,negative
1484,positive,negative
1485,positive,negative
1486,positive,negative
1487,positive,positive
1488,positive,positive
1489,positive,positive
1490,positive,negative
1491,negative,negative
1492,positive,positive
1493,negative,negative
1494,negative,negative
1495,negative,negative
1496,positive,negative
1497,positive,positive
1498,negative,negative
1499,positive,negative
1500,negative,negative
1501,positive,positive
1502,positive,negative
1503,positive,negative
1504,positive,positive
1505,positive,positive
1506,positive,positive
1507,positive,negative
1508,positive,positive
1509,positive,negative
1510,negative,negative
1511,positive,positive
1512,negative,negative
1513,negative,negative
1514,negative,negative
1515,negative,negative
1516,positive,negative
1517,negative,negative
1518,positive,positive
1519,negative,negative
1520,negative,negative
1521,negative,negative
1522,negative,negative
1523,positive,negative
1524,negative,negative
1525,negative,negative
1526,negative,negative
1527,negative,negative
1528,negative,negative
1529,negative,negative
1530,negative,negative
1531,negative,negative
1532,negative,negative
1533,negative,negative
1534,negative,negative
1535,negative,positive
1536,negative,negative
1537,negative,negative
1538,negative,negative
1539,positive,negative
1540,negative,negative
1541,negative,negative
1542,positive,negative
1543,positive,negative
1544,negative,negative
1545,negative,negative
1546,positive,negative
1547,positive,negative
1548,negative,negative
1549,positive,negative
1550,positive,negative
1551,positive,negative
1552,positive,negative
1553,negative,negative
1554,negative,negative
1555,positive,negative
1556,negative,positive
1557,negative,negative
1558,positive,negative
1559,negative,negative
1560,negative,negative
1561,negative,negative
1562,negative,negative
1563,negative,negative
1564,negative,negative
1565,negative,negative
1566,negative,negative
1567,negative,negative
1568,negative,negative
1569,negative,negative
1570,negative,negative
1571,negative,negative
1572,negative,negative
1573,negative,negative
1574,negative,negative
1575,negative,negative
1576,negative,negative
1577,negative,negative
1578,negative,negative
1579,negative,negative
1580,positive,negative
1581,positive,negative
1582,positive,positive
1583,positive,negative
1584,positive,negative
1585,positive,positive
1586,negative,negative
1587,negative,negative
1588,negative,negative
1589,positive,negative
1590,negative,negative
1591,positive,negative
1592,positive,negative
1593,negative,negative
1594,negative,negative
1595,positive,negative
1596,positive,negative
1597,negative,negative
1598,positive,negative
1599,negative,negative
1600,negative,negative
1601,positive,positive
1602,negative,negative
1603,positive,negative
1604,negative,negative
1605,positive,negative
1606,negative,negative
1607,negative,positive
1608,negative,negative
1609,negative,negative
1610,positive,negative
1611,positive,negative
1612,negative,negative
1613,negative,negative
1614,negative,negative
1615,negative,negative
1616,negative,positive
1617,negative,negative
1618,negative,negative
1619,negative,negative
1620,negative,negative
1621,negative,negative
1622,negative,negative
1623,negative,negative
1624,negative,negative
1625,positive,positive
1626,positive,negative
1627,positive,negative
1628,negative,negative
1629,negative,negative
1630,negative,negative
1631,negative,negative
1632,negative,negative
1633,negative,negative
1634,positive,positive
1635,positive,negative
1636,positive,negative
1637,positive,negative
1638,negative,negative
1639,positive,positive
1640,negative,negative
1641,positive,positive
1642,positive,negative
1643,positive,positive
1644,negative,negative
1645,negative,negative
1646,positive,negative
1647,positive,negative
1648,positive,negative
1649,negative,negative
1650,negative,negative
1651,negative,negative
1652,negative,negative
1653,negative,negative
1654,positive,negative
1655,negative,negative
1656,negative,negative
1657,negative,negative
1658,negative,negative
1659,negative,negative
1660,negative,negative
1661,positive,negative
1662,positive,negative
1663,positive,positive
1664,positive,positive
1665,positive,negative
1666,positive,negative
1667,positive,positive
1668,positive,positive
1669,positive,negative
1670,positive,negative
1671,negative,negative
1672,positive,negative
1673,negative,negative
1674,positive,negative
1675,negative,negative
1676,positive,positive
1677,positive,positive
1678,positive,negative
1679,negative,negative
1680,positive,negative
1681,negative,positive
1682,positive,negative
1683,positive,negative
1684,positive,positive
1685,positive,negative
1686,positive,positive
1687,negative,negative
1688,positive,positive
1689,negative,negative
1690,negative,negative
1691,positive,negative
1692,negative,negative
1693,negative,negative
1694,positive,negative
1695,negative,negative
1696,negative,negative
1697,positive,negative
1698,negative,negative
1699,negative,negative
1700,negative,negative
1701,negative,negative
1702,negative,negative
1703,positive,negative
1704,negative,negative
1705,negative,negative
1706,positive,negative
1707,positive,negative
1708,negative,negative
1709,negative,negative
1710,negative,negative
1711,negative,positive
1712,negative,negative
1713,positive,negative
1714,positive,negative
1715,negative,negative
1716,negative,negative
1717,negative,negative
1718,negative,negative
1719,negative,negative
1720,negative,negative
1721,negative,negative
1722,negative,negative
1723,negative,negative
1724,negative,negative
1725,negative,negative
1726,positive,negative
1727,negative,negative
1728,positive,positive
1729,negative,negative
1730,positive,positive
1731,positive,negative
1732,positive,negative
1733,negative,negative
1734,negative,negative
1735,positive,positive
1736,positive,positive
1737,positive,positive
1738,positive,negative
1739,positive,positive
1740,positive,positive
1741,positive,negative
1742,positive,negative
1743,positive,negative
1744,negative,negative
1745,positive,negative
1746,positive,negative
1747,positive,negative
1748,negative,negative
1749,positive,negative
1750,positive,negative
1751,positive,negative
1752,negative,negative
1753,positive,negative
1754,negative,negative
1755,negative,negative
1756,negative,negative
1757,negative,negative
1758,positive,positive
1759,positive,positive
1760,positive,negative
1761,positive,positive
1762,negative,negative
1763,positive,positive
1764,positive,negative
1765,positive,negative
1766,positive,positive
1767,positive,negative
1768,negative,negative
1769,negative,negative
1770,positive,negative
1771,negative,negative
1772,negative,negative
1773,negative,negative
1774,negative,negative
1775,negative,negative
1776,positive,positive
1777,positive,positive
1778,negative,negative
1779,negative,negative
1780,negative,negative
1781,negative,negative
1782,positive,negative
1783,negative,negative
1784,negative,negative
1785,negative,negative
1786,negative,negative
1787,negative,negative
1788,negative,negative
1789,negative,negative
1790,positive,negative
1791,positive,negative
1792,negative,negative
1793,negative,negative
1794,positive,negative
1795,negative,negative
1796,negative,negative
1797,positive,negative
1798,negative,negative
1799,positive,negative
1800,positive,negative
1801,positive,negative
1802,positive,positive
1803,negative,negative
1804,positive,negative
1805,positive,negative
1806,positive,negative
1807,positive,negative
1808,negative,negative
1809,negative,negative
1810,negative,negative
1811,negative,negative
1812,negative,negative
1813,negative,negative
1814,negative,negative
1815,positive,positive
1816,positive,negative
1817,negative,negative
1818,positive,positive
1819,positive,negative
1820,positive,negative
1821,positive,positive
1822,positive,positive
1823,negative,negative
1824,negative,negative
1825,negative,negative
1826,negative,negative
1827,positive,negative
1828,positive,negative
1829,positive,negative
1830,positive,negative
1831,positive,positive
1832,negative,negative
1833,positive,negative
1834,positive,negative
1835,positive,negative
1836,negative,negative
1837,positive,negative
1838,negative,negative
1839,negative,negative
1840,positive,negative
1841,negative,negative
1842,negative,negative
1843,negative,negative
1844,positive,positive
1845,positive,negative
1846,positive,positive
1847,positive,negative
1848,positive,negative
1849,positive,positive
1850,positive,positive
1851,positive,negative
1852,positive,negative
1853,negative,negative
1854,positive,negative
1855,positive,positive
1856,positive,positive
1857,negative,negative
1858,positive,positive
1859,positive,positive
1860,positive,negative
1861,negative,negative
1862,negative,negative
1863,negative,negative
1864,positive,negative
1865,negative,negative
1866,positive,negative
1867,negative,negative
1868,positive,negative
1869,negative,negative
1870,positive,negative
1871,negative,negative
1872,positive,negative
1873,negative,negative
1874,negative,negative
1875,negative,negative
1876,negative,negative
1877,positive,negative
1878,negative,negative
1879,negative,negative
1880,negative,negative
1881,negative,negative
1882,negative,negative
1883,negative,negative
1884,positive,negative
1885,negative,negative
1886,positive,positive
1887,negative,negative
1888,negative,negative
1889,negative,negative
1890,positive,negative
1891,negative,negative
1892,positive,negative
1893,positive,negative
1894,positive,negative
1895,negative,negative
1896,negative,negative
1897,negative,negative
1898,negative,negative
1899,negative,negative
1900,negative,negative
1901,negative,negative
1902,negative,negative
1903,negative,negative
1904,negative,negative
1905,negative,negative
1906,negative,negative
1907,negative,negative
1908,negative,negative
1909,negative,negative
1910,negative,negative
1911,negative,negative
1912,negative,negative
1913,negative,negative
1914,negative,negative
1915,negative,negative
1916,negative,negative
1917,negative,negative
1918,positive,positive
1919,positive,negative
1920,negative,negative
1921,negative,negative
1922,negative,negative
1923,negative,negative
1924,negative,negative
1925,negative,negative
1926,negative,negative
1927,negative,negative
1928,negative,negative
1929,negative,negative
1930,negative,negative
1931,negative,negative
1932,positive,negative
1933,positive,positive
1934,positive,positive
1935,positive,positive
1936,positive,negative
1937,negative,negative
1938,positive,negative
1939,positive,positive
1940,negative,negative
1941,positive,negative
1942,positive,negative
1943,positive,negative
1944,positive,negative
1945,positive,positive
1946,positive,negative
1947,negative,negative
1948,positive,negative
1949,positive,positive
1950,negative,negative
1951,positive,positive
1952,negative,negative
1953,negative,negative
1954,negative,negative
1955,negative,negative
1956,positive,negative
1957,positive,positive
1958,positive,positive
1959,negative,positive
1960,positive,positive
1961,positive,positive
1962,positive,positive
1963,positive,negative
1964,positive,positive
1965,positive,negative
1966,negative,negative
1967,negative,negative
1968,positive,positive
1969,positive,positive
1970,positive,negative
1971,positive,positive
1972,negative,negative
1973,positive,positive
1974,positive,negative
1975,negative,negative
1976,negative,negative
1977,negative,negative
1978,negative,positive
1979,negative,negative
1980,negative,negative
1981,negative,positive
1982,negative,negative
1983,negative,positive
1984,negative,negative
1985,negative,negative
1986,negative,negative
1987,negative,positive
1988,negative,positive
1989,negative,positive
1990,negative,positive
1991,negative,negative
1992,negative,negative
1993,negative,positive
1994,negative,negative
1995,negative,negative
1996,positive,negative
1997,positive,negative
1998,positive,negative
1999,positive,negative
2000,positive,positive
2001,positive,negative
2002,positive,negative
2003,positive,positive
2004,positive,negative
2005,positive,negative
2006,positive,negative
2007,positive,positive
2008,positive,negative
2009,positive,negative
2010,positive,negative
2011,positive,positive
2012,positive,positive
2013,positive,negative
2014,positive,negative
2015,positive,negative
2016,negative,negative
2017,negative,negative
2018,negative,negative
2019,negative,negative
2020,negative,negative
2021,negative,negative
2022,negative,negative
2023,negative,negative
2024,negative,negative
2025,negative,negative
2026,negative,negative
2027,negative,negative
2028,negative,negative
2029,negative,negative
2030,negative,negative
2031,negative,negative
2032,negative,negative
2033,negative,negative
2034,negative,positive
2035,negative,negative
2036,positive,negative
2037,positive,negative
2038,positive,negative
2039,positive,negative
2040,positive,positive
2041,positive,negative
2042,positive,negative
2043,positive,negative
2044,positive,positive
2045,positive,negative
2046,positive,negative
2047,positive,negative
2048,positive,positive
2049,positive,positive
2050,positive,negative
2051,positive,negative
2052,positive,negative
2053,positive,negative
2054,positive,positive
2055,positive,negative
2056,positive,positive
2057,positive,positive
2058,positive,positive
2059,negative,negative
2060,negative,positive
2061,positive,negative
2062,positive,positive
2063,negative,negative
2064,negative,negative
2065,positive,positive
2066,positive,negative
2067,negative,negative
2068,positive,positive
2069,positive,positive
2070,negative,negative
2071,negative,positive
2072,positive,positive
2073,positive,positive
2074,negative,positive
2075,negative,negative
2076,negative,negative
2077,positive,positive
2078,negative,negative
2079,negative,negative
2080,negative,negative
2081,positive,negative
2082,negative,negative
2083,negative,negative
2084,negative,negative
2085,positive,negative
2086,negative,negative
2087,negative,negative
2088,positive,negative
2089,positive,negative
2090,negative,negative
2091,positive,negative
2092,negative,negative
2093,positive,positive
2094,negative,positive
2095,negative,negative
2096,positive,positive
2097,positive,positive
2098,positive,positive
2099,negative,negative
2100,positive,negative
2101,negative,negative
2102,negative,negative
2103,positive,positive
2104,negative,positive
2105,positive,negative
2106,negative,positive
2107,negative,positive
2108,positive,negative
2109,positive,negative
2110,negative,negative
2111,positive,negative
2112,negative,negative
2113,negative,negative
2114,negative,positive
2115,negative,negative
2116,negative,negative
2117,negative,positive
2118,negative,negative
2119,positive,negative
2120,positive,negative
2121,negative,negative
2122,positive,negative
2123,positive,negative
2124,positive,negative
2125,positive,negative
2126,negative,negative
2127,negative,negative
2128,positive,negative
2129,positive,negative
2130,negative,negative
2131,positive,positive
2132,positive,negative
2133,positive,negative
2134,positive,negative
2135,positive,negative
2136,positive,negative
2137,negative,negative
2138,negative,negative
2139,positive,negative
2140,positive,negative
2141,positive,negative
2142,positive,negative
2143,positive,negative
2144,positive,negative
2145,positive,negative
2146,positive,negative
2147,positive,negative
2148,positive,negative
2149,positive,negative
2150,positive,negative
2151,positive,negative
2152,positive,negative
2153,positive,negative
2154,positive,negative
2155,positive,negative
2156,positive,negative
2157,negative,negative
2158,negative,negative
2159,negative,negative
2160,negative,negative
2161,negative,negative
2162,negative,negative
2163,negative,negative
2164,negative,negative
2165,negative,negative
2166,negative,negative
2167,negative,negative
2168,negative,negative
2169,negative,negative
2170,negative,negative
2171,negative,negative
2172,negative,negative
2173,negative,negative
2174,negative,negative
2175,negative,negative
2176,negative,negative
2177,negative,negative
2178,negative,negative
2179,negative,negative
2180,negative,negative
2181,negative,positive
2182,negative,negative
2183,negative,negative
2184,positive,negative
2185,positive,positive
2186,positive,negative
2187,positive,positive
2188,positive,negative
2189,positive,negative
2190,positive,negative
2191,positive,positive
2192,positive,negative
2193,positive,negative
2194,positive,negative
2195,positive,negative
2196,positive,negative
2197,positive,positive
2198,positive,negative
2199,positive,positive
2200,positive,negative
2201,positive,negative
2202,positive,negative
2203,positive,negative
2204,positive,negative
2205,positive,positive
2206,positive,negative
2207,positive,negative
2208,positive,negative
2209,positive,negative
2210,positive,negative
2211,positive,positive
2212,positive,negative
2213,positive,negative
2214,negative,positive
2215,negative,negative
2216,negative,positive
2217,negative,negative
2218,negative,negative
2219,negative,negative
2220,negative,positive
2221,negative,negative
2222,negative,positive
2223,negative,negative
2224,negative,negative
2225,negative,negative
2226,negative,positive
2227,negative,negative
2228,positive,negative
2229,positive,negative
2230,positive,negative
2231,positive,positive
2232,negative,negative
2233,positive,positive
2234,negative,negative
2235,negative,negative
2236,negative,negative
2237,negative,positive
2238,negative,negative
2239,negative,negative
2240,negative,positive
2241,positive,negative
2242,positive,positive
2243,negative,negative
2244,negative,negative
2245,positive,negative
2246,negative,negative
2247,positive,negative
2248,positive,negative
2249,negative,negative
2250,positive,negative
2251,positive,negative
2252,negative,negative
2253,negative,negative
2254,positive,negative
2255,negative,negative
2256,positive,negative
2257,positive,positive
2258,negative,positive
2259,negative,negative
2260,positive,negative
2261,negative,negative
